{
  "target": "data/rlc_case1_target.csv",
  "scenario": "rlc_case1_target",
  "model_preset": "rlc6",
  "mode": "femeif",
  "objectives": [
    "wsmse",
    "ptc",
    "dtw",
    "lfp",
    "ss",
    "lmep"
  ],
  "generations": 3,
  "population": 12,
  "seed": 2,
  "best_wsmse": 259.7126051173725,
  "best_objectives": {
    "wsmse": 0.003850409954295687,
    "ptc": 0.3029654276260098,
    "dtw": 0.027118059611992443,
    "lfp": 1e-12,
    "ss": 1.2355171331944517,
    "lmep": 0.021157933529886323
  },
  "parameters": {
    "R1": 20.32640952482419,
    "C1": 3.107818997156843e-08,
    "L1": 0.0011779550082289185,
    "R2": 2.8812418261389143,
    "C2": 1.001158017935452e-06,
    "L2": 0.00043934191030875334,
    "R3": 8.699721837581404,
    "C3": 1.8868315809606832e-09,
    "L3": 2.3705375525687202e-06,
    "R4": 1937.1581335780832,
    "C4": 6.476320215677186e-07,
    "L4": 5.627445744072704e-07,
    "R5": 145.59751209931846,
    "C5": 2.2206826162378204e-06,
    "L5": 1.2999401762022824e-05,
    "R6": 1465.2846375542433,
    "C6": 6.873528891351564e-05,
    "L6": 0.0002602100772002811
  },
  "notes": "CSV target fitted with six-block RLC-parallel model."
}