{
  "scenario": "rlc_case1",
  "mode": "wbeif",
  "objectives": [
    "wsmse"
  ],
  "generations": 5,
  "population": 20,
  "seed": 7,
  "best_wsmse": 170.2954670936745,
  "best_objectives": {
    "wsmse": 0.0058721469048258566
  },
  "parameters": {
    "R1": 2435.448495835592,
    "C1": 2.0748752420237733e-07,
    "L1": 2.2068137702345303e-07,
    "R2": 74069.54366350322,
    "C2": 1.8196716993292932e-06,
    "L2": 2.1384239060752917e-05,
    "R3": 225.53138749640414,
    "C3": 6.76957567979428e-07,
    "L3": 0.00016694610778236494,
    "R4": 27.689950117433316,
    "C4": 2.2957347857611067e-06,
    "L4": 8.526817683510919e-06,
    "R5": 12.035786059928041,
    "C5": 6.131992188436141e-07,
    "L5": 0.002792667423362034,
    "R6": 3.0623340866500994,
    "C6": 6.053219797967484e-07,
    "L6": 0.0011463732024487778
  },
  "notes": "Synthetic reconstruction of the paper's generic RLC case."
}