{
  "scenario": "rlc_case1",
  "mode": "femeif",
  "objectives": [
    "wsmse",
    "ptc",
    "dtw",
    "lfp",
    "ss",
    "lmep"
  ],
  "generations": 5,
  "population": 20,
  "seed": 7,
  "best_wsmse": 238.19766482820197,
  "best_objectives": {
    "wsmse": 0.004198193969370931,
    "ptc": 0.3035996468451392,
    "dtw": 0.03816441456192886,
    "lfp": 1e-12,
    "ss": 1.3020668056634348,
    "lmep": 0.021118190293626576
  },
  "parameters": {
    "R1": 300.95398391099343,
    "C1": 2.717073837571894e-07,
    "L1": 1.3721764455790105e-06,
    "R2": 3211.8375539972603,
    "C2": 2.8649231425173997e-06,
    "L2": 2.8918387725446638e-05,
    "R3": 102.4052612437855,
    "C3": 8.231397564739441e-07,
    "L3": 0.00026907019648615184,
    "R4": 221.34335279334508,
    "C4": 3.399178288984638e-06,
    "L4": 1.816710374856035e-05,
    "R5": 32.72760839115098,
    "C5": 2.1001564032718064e-05,
    "L5": 0.0007648864331605165,
    "R6": 15.735145623668645,
    "C6": 4.2089326937560385e-07,
    "L6": 0.001136931200563141
  },
  "notes": "Synthetic reconstruction of the paper's generic RLC case."
}